Mean,Median,Upper 25%,Lower 25%,Number of Outliers
0.022364928862801555,0.008765803031181527,0.027722543918930028,0.001643124350585878,106
