Mean,Median,Upper 25%,Lower 25%,Number of Outliers
0.017501555727984473,0.011777565516051924,0.021307878403911275,0.0011844968865947164,191
