Mean,Median,Upper 25%,Lower 25%,Number of Outliers
0.01666817430851443,0.011159990506840358,0.017757657675486864,0.0006797865671427044,231
