Mean,Median,Upper 25%,Lower 25%,Number of Outliers
0.01513464015601346,0.007695107404388831,0.018306841856593543,0.0003051648764886347,207
